{"cameraMode":{"drawMode":0,"name":"Shaded","section":"Shading Mode"},"sceneLighting":false,"audioPlay":false,"sceneViewState":{"showFog":true,"showMaterialUpdate":false,"showSkybox":false,"showFlares":true,"showImageEffects":true,"showParticleSystems":true},"in2DMode":false,"pivot":{"x":6.559999942779541,"y":1.1399999856948853,"z":-5.659999847412109},"rotation":{"x":-0.0028266250155866148,"y":0.9968706965446472,"z":-0.0667901337146759,"w":-0.04218882694840431},"size":1.2000572681427003,"orthographic":false}