{"cameraMode":{"drawMode":0,"name":"Shaded","section":"Shading Mode"},"sceneLighting":false,"audioPlay":false,"sceneViewState":{"showFog":true,"showMaterialUpdate":false,"showSkybox":false,"showFlares":true,"showImageEffects":true,"showParticleSystems":true},"in2DMode":false,"pivot":{"x":0.00477910041809082,"y":1.141216516494751,"z":0.24921870231628419},"rotation":{"x":-0.013519734144210816,"y":0.9749348163604736,"z":-0.21330994367599488,"w":-0.06179223209619522},"size":2.8513593673706056,"orthographic":false}