{"cameraMode":{"drawMode":0,"name":"Shaded","section":"Shading Mode"},"sceneLighting":false,"audioPlay":false,"sceneViewState":{"showFog":true,"showMaterialUpdate":false,"showSkybox":false,"showFlares":true,"showImageEffects":true,"showParticleSystems":true},"in2DMode":false,"pivot":{"x":2.8059492111206056,"y":2.430659294128418,"z":-2.817659616470337},"rotation":{"x":-0.007257125806063414,"y":0.9432610869407654,"z":-0.020660435780882837,"w":-0.33132919669151308},"size":8.770062446594239,"orthographic":false}