{"cameraMode":{"drawMode":0,"name":"Shaded","section":"Shading Mode"},"sceneLighting":false,"audioPlay":false,"sceneViewState":{"showFog":true,"showMaterialUpdate":false,"showSkybox":false,"showFlares":true,"showImageEffects":true,"showParticleSystems":true},"in2DMode":false,"pivot":{"x":-0.017882872372865678,"y":0.025852441787719728,"z":0.07537829875946045},"rotation":{"x":-0.1051826998591423,"y":0.0982847586274147,"z":-0.010447235777974129,"w":-0.9895289540290833},"size":0.6858918070793152,"orthographic":false}