{"cameraMode":{"drawMode":0,"name":"Shaded","section":"Shading Mode"},"sceneLighting":false,"audioPlay":false,"sceneViewState":{"showFog":true,"showMaterialUpdate":false,"showSkybox":false,"showFlares":true,"showImageEffects":true,"showParticleSystems":true},"in2DMode":false,"pivot":{"x":-0.060000061988830569,"y":2.3500001430511476,"z":-0.25},"rotation":{"x":0.008063262328505516,"y":0.9766291379928589,"z":0.03722788020968437,"w":-0.21152928471565247},"size":5.079240322113037,"orthographic":false}