{"cameraMode":{"drawMode":0,"name":"Shaded","section":"Shading Mode"},"sceneLighting":true,"audioPlay":false,"sceneViewState":{"showFog":true,"showMaterialUpdate":false,"showSkybox":true,"showFlares":true,"showImageEffects":true,"showParticleSystems":true},"in2DMode":false,"pivot":{"x":6.001915454864502,"y":3.556084632873535,"z":-4.932515621185303},"rotation":{"x":-0.0051388670690357689,"y":0.9740028977394104,"z":-0.22538593411445619,"w":-0.02220788598060608},"size":16.941694259643556,"orthographic":false}