{"cameraMode":{"drawMode":0,"name":"Shaded","section":"Shading Mode"},"sceneLighting":true,"audioPlay":false,"sceneViewState":{"showFog":true,"showMaterialUpdate":false,"showSkybox":true,"showFlares":true,"showImageEffects":true,"showParticleSystems":true},"in2DMode":false,"pivot":{"x":3.8710780143737795,"y":5.338140487670898,"z":-5.704195022583008},"rotation":{"x":-0.0032916902564466,"y":0.9764551520347595,"z":-0.21517740190029145,"w":-0.014937764964997769},"size":30.408971786499025,"orthographic":false}