{"cameraMode":{"drawMode":0,"name":"Shaded","section":"Shading Mode"},"sceneLighting":false,"audioPlay":false,"sceneViewState":{"showFog":true,"showMaterialUpdate":false,"showSkybox":false,"showFlares":true,"showImageEffects":true,"showParticleSystems":true},"in2DMode":false,"pivot":{"x":77.50231170654297,"y":22.466381072998048,"z":52.54861068725586},"rotation":{"x":0.010162098333239556,"y":0.9858179688453674,"z":-0.1544412076473236,"w":0.06486564129590988},"size":3.045234203338623,"orthographic":false}