{"cameraMode":{"drawMode":0,"name":"Shaded","section":"Shading Mode"},"sceneLighting":false,"audioPlay":false,"sceneViewState":{"showFog":true,"showMaterialUpdate":false,"showSkybox":false,"showFlares":true,"showImageEffects":true,"showParticleSystems":true},"in2DMode":false,"pivot":{"x":-0.07000017166137696,"y":2.190000057220459,"z":0.0},"rotation":{"x":-0.013519734144210816,"y":0.9749348163604736,"z":-0.21330994367599488,"w":-0.06179223209619522},"size":23.418378829956056,"orthographic":false}