{"cameraMode":{"drawMode":0,"name":"Shaded","section":"Shading Mode"},"sceneLighting":false,"audioPlay":false,"sceneViewState":{"showFog":true,"showMaterialUpdate":false,"showSkybox":false,"showFlares":true,"showImageEffects":true,"showParticleSystems":true},"in2DMode":false,"pivot":{"x":8.789999961853028,"y":0.3499999940395355,"z":-5.789999961853027},"rotation":{"x":-0.0028266250155866148,"y":0.9968706965446472,"z":-0.0667901337146759,"w":-0.04218882694840431},"size":2.000519275665283,"orthographic":false}